date_group,tag_name,HHI,Mobility_Index,date
2025-09-01,伊藤 秀臣,6222.222222222222,3777.7777777777783,2025-09-01
2025-09-01,壁谷,6668.209746654322,3331.790253345678,2025-09-01
2025-09-01,山本,3587.7452297769414,6412.254770223059,2025-09-01
2025-09-01,村澤,4398.217392631482,5601.782607368518,2025-09-01
2025-09-01,東,5221.609113563545,4778.390886436455,2025-09-01
2025-09-01,松崎,7154.509079716835,2845.490920283165,2025-09-01
2025-09-01,梅原 良之,7534.709861160554,2465.2901388394457,2025-09-01
2025-09-01,櫻井,7463.907073111596,2536.092926888404,2025-09-01
2025-09-01,江,6075.110621953686,3924.889378046314,2025-09-01
2025-09-01,渡辺,8378.418549346015,1621.5814506539846,2025-09-01
2025-09-01,渥美,6924.772421697634,3075.227578302366,2025-09-01
2025-09-01,溝下 真治,3265.335648148148,6734.664351851852,2025-09-01
2025-09-01,石野 貴弘,6964.285714285714,3035.7142857142862,2025-09-01
2025-09-01,福嶋,4126.554894537589,5873.445105462411,2025-09-01
2025-09-01,立岩 一真,4109.32645911825,5890.67354088175,2025-09-01
2025-09-01,荻田,3149.64329958563,6850.35670041437,2025-09-01
2025-09-01,辻 悠希,2275.132275132275,7724.867724867725,2025-09-01
2025-09-01,鄭,5789.636095131036,4210.363904868964,2025-09-01
2025-09-01,青木 大輔,3332.21435546875,6667.78564453125,2025-09-01
2025-09-01,高橋,7308.6507653969375,2691.3492346030625,2025-09-01
2025-09-02,壁谷,1863.5121123574322,8136.487887642568,2025-09-02
2025-09-02,東,4775.315481686674,5224.684518313326,2025-09-02
2025-09-02,梅原 良之,2562.8698224852074,7437.130177514793,2025-09-02
2025-09-02,櫻井,7935.568704799474,2064.4312952005257,2025-09-02
2025-09-02,江,3069.5266272189347,6930.473372781065,2025-09-02
2025-09-02,渡辺,3935.8024691358028,6064.197530864198,2025-09-02
2025-09-02,渥美,3209.876543209876,6790.123456790124,2025-09-02
2025-09-02,溝下 真治,2991.1444286351375,7008.855571364862,2025-09-02
2025-09-02,石野 貴弘,9444.897959183672,555.1020408163276,2025-09-02
2025-09-02,福嶋,8240.997229916899,1759.0027700831015,2025-09-02
2025-09-02,辻 悠希,8647.95918367347,1352.0408163265292,2025-09-02
2025-09-02,鄭,8572.801118001571,1427.198881998429,2025-09-02
2025-09-02,青木 大輔,3352.769679300292,6647.230320699708,2025-09-02
2025-09-02,高橋,7114.158441785307,2885.8415582146927,2025-09-02
2025-09-03,壁谷,2471.944943889888,7528.055056110112,2025-09-03
2025-09-03,東,5707.910126192675,4292.089873807325,2025-09-03
2025-09-03,梅原 良之,6482.644628099173,3517.355371900827,2025-09-03
2025-09-03,櫻井,7026.748971193417,2973.2510288065832,2025-09-03
2025-09-03,江,1796.694214876033,8203.305785123966,2025-09-03
2025-09-03,渥美,2596.694214876033,7403.305785123966,2025-09-03
2025-09-03,溝下 真治,2041.7853751187083,7958.2146248812915,2025-09-03
2025-09-03,福嶋,3339.4890735610957,6660.510926438905,2025-09-03
2025-09-03,鄭,5164.221938775511,4835.778061224489,2025-09-03
2025-09-03,青木 大輔,4075.337494556539,5924.662505443461,2025-09-03
2025-09-03,高橋,8309.090909090908,1690.909090909092,2025-09-03
2025-09-04,壁谷,1946.2798046538353,8053.7201953461645,2025-09-04
2025-09-04,東,5249.199003203987,4750.800996796013,2025-09-04
2025-09-04,梅原 良之,2339.319470699433,7660.680529300567,2025-09-04
2025-09-04,櫻井,7479.718766901028,2520.281233098972,2025-09-04
2025-09-04,渥美,4687.5,5312.5,2025-09-04
2025-09-04,溝下 真治,3081.0546875,6918.9453125,2025-09-04
2025-09-04,福嶋,9655.278547245305,344.72145275469484,2025-09-04
2025-09-04,鄭,7192.155542462757,2807.844457537243,2025-09-04
2025-09-04,青木 大輔,2804.081632653061,7195.918367346939,2025-09-04
2025-09-04,高橋,8497.999384425977,1502.000615574023,2025-09-04
2025-09-05,東,3368.190251307134,6631.8097486928655,2025-09-05
2025-09-05,梅原 良之,2346.9298628701195,7653.07013712988,2025-09-05
2025-09-05,櫻井,7418.594104308389,2581.4058956916106,2025-09-05
2025-09-05,渥美,2217.1459285138403,7782.854071486159,2025-09-05
2025-09-05,溝下 真治,2514.487276392038,7485.5127236079625,2025-09-05
2025-09-05,福嶋,7469.706632653061,2530.293367346939,2025-09-05
2025-09-05,鄭,8892.852424362532,1107.1475756374675,2025-09-05
2025-09-05,青木 大輔,1841.5576694411416,8158.442330558859,2025-09-05
2025-09-05,高橋,8039.39673745768,1960.6032625423204,2025-09-05
2025-09-06,溝下 真治,2777.7777777777783,7222.222222222222,2025-09-06
2025-09-07,櫻井,5022.222222222222,4977.777777777778,2025-09-07
2025-09-07,青木 大輔,9258.131709661913,741.8682903380868,2025-09-07
2025-09-08,伊藤 秀臣,4320.661157024792,5679.338842975208,2025-09-08
2025-09-08,壁谷,1915.8739595719383,8084.126040428062,2025-09-08
2025-09-08,村澤,3081.988229124177,6918.011770875823,2025-09-08
2025-09-08,東,4098.911534808971,5901.088465191029,2025-09-08
2025-09-08,松崎,2677.746999076639,7322.2530009233615,2025-09-08
2025-09-08,梅原 良之,1743.6134195136963,8256.386580486304,2025-09-08
2025-09-08,櫻井,3060.6281957633305,6939.371804236669,2025-09-08
2025-09-08,渡辺,8275.545512322577,1724.4544876774235,2025-09-08
2025-09-08,渥美,9157.65595463138,842.3440453686198,2025-09-08
2025-09-08,溝下 真治,1793.169357678185,8206.830642321815,2025-09-08
2025-09-08,石野 貴弘,3306.1224489795923,6693.877551020408,2025-09-08
2025-09-08,福嶋,5603.4145195395095,4396.5854804604905,2025-09-08
2025-09-08,立岩 一真,4587.669094693028,5412.330905306972,2025-09-08
2025-09-08,荻田,7358.715050565139,2641.284949434861,2025-09-08
2025-09-08,辻 悠希,3966.259135304965,6033.740864695035,2025-09-08
2025-09-08,鄭,6917.552427463374,3082.4475725366256,2025-09-08
2025-09-08,青木 大輔,2569.5473251028807,7430.452674897119,2025-09-08
2025-09-08,高橋,7349.881093935789,2650.118906064211,2025-09-08
2025-09-09,伊藤 秀臣,2227.9500035308242,7772.049996469175,2025-09-09
2025-09-09,村澤,2212.062519706319,7787.937480293681,2025-09-09
2025-09-09,東,3062.494108775568,6937.505891224432,2025-09-09
2025-09-09,松崎,2473.068636503539,7526.931363496461,2025-09-09
2025-09-09,梅原 良之,1671.8336483931948,8328.166351606806,2025-09-09
2025-09-09,櫻井,2673.300725248778,7326.699274751222,2025-09-09
2025-09-09,渡辺,7675.386444708681,2324.6135552913192,2025-09-09
2025-09-09,渥美,9653.739612188365,346.26038781163516,2025-09-09
2025-09-09,石野 貴弘,6110.705299894488,3889.2947001055118,2025-09-09
2025-09-09,福嶋,7808.755579920119,2191.244420079881,2025-09-09
2025-09-09,立岩 一真,2146.8195266272187,7853.180473372781,2025-09-09
2025-09-09,鄭,2029.6556122448978,7970.344387755102,2025-09-09
2025-09-09,青木 大輔,2628.173708459955,7371.826291540045,2025-09-09
2025-09-09,高橋,7396.364795918367,2603.6352040816328,2025-09-09
2025-09-10,伊藤 秀臣,3058.3333333333335,6941.666666666666,2025-09-10
2025-09-10,壁谷,1446.4099895941727,8553.590010405827,2025-09-10
2025-09-10,村澤,974.2222222222224,9025.777777777777,2025-09-10
2025-09-10,東,3431.825176977531,6568.174823022469,2025-09-10
2025-09-10,松崎,1502.6753864447087,8497.32461355529,2025-09-10
2025-09-10,梅原 良之,3480.548469387754,6519.451530612247,2025-09-10
2025-09-10,櫻井,3298.611111111111,6701.388888888889,2025-09-10
2025-09-10,渡辺,3282.4196597353503,6717.58034026465,2025-09-10
2025-09-10,溝下 真治,2571.813053154598,7428.186946845402,2025-09-10
2025-09-10,石野 貴弘,6666.073335706657,3333.9266642933426,2025-09-10
2025-09-10,福嶋,8054.846938775511,1945.1530612244887,2025-09-10
2025-09-10,立岩 一真,6819.94459833795,3180.05540166205,2025-09-10
2025-09-10,鄭,2352.8537455410224,7647.146254458978,2025-09-10
2025-09-10,青木 大輔,2247.5380222597755,7752.461977740224,2025-09-10
2025-09-10,高橋,9315.173899661435,684.8261003385651,2025-09-10
2025-09-11,伊藤 秀臣,1248.4718079123675,8751.528192087633,2025-09-11
2025-09-11,壁谷,1860.0976730824475,8139.902326917552,2025-09-11
2025-09-11,村澤,1777.2240022151022,8222.775997784898,2025-09-11
2025-09-11,東,2875.446334803614,7124.553665196387,2025-09-11
2025-09-11,松崎,6588.180978762694,3411.8190212373056,2025-09-11
2025-09-11,梅原 良之,1327.6001074979845,8672.399892502015,2025-09-11
2025-09-11,渡辺,3287.1652816251153,6712.834718374885,2025-09-11
2025-09-11,渥美,4288.0,5712.0,2025-09-11
2025-09-11,溝下 真治,2776.7275782398656,7223.272421760134,2025-09-11
2025-09-11,石野 貴弘,5395.2310245436265,4604.7689754563735,2025-09-11
2025-09-11,福嶋,6538.935056940597,3461.064943059403,2025-09-11
2025-09-11,立岩 一真,5358.333333333334,4641.666666666666,2025-09-11
2025-09-11,鄭,5296.556122448979,4703.443877551021,2025-09-11
2025-09-11,青木 大輔,3443.8170336462954,6556.182966353705,2025-09-11
2025-09-12,伊藤 秀臣,3958.1758629377678,6041.824137062233,2025-09-12
2025-09-12,壁谷,6783.612494341331,3216.3875056586694,2025-09-12
2025-09-12,村澤,2635.4107275996666,7364.589272400333,2025-09-12
2025-09-12,東,1733.8162064282483,8266.183793571752,2025-09-12
2025-09-12,梅原 良之,2286.6213151927436,7713.378684807256,2025-09-12
2025-09-12,渡辺,8994.328922495273,1005.6710775047268,2025-09-12
2025-09-12,渥美,7128.09917355372,2871.90082644628,2025-09-12
2025-09-12,石野 貴弘,3748.4056122448983,6251.594387755102,2025-09-12
2025-09-12,福嶋,3318.192497454773,6681.807502545227,2025-09-12
2025-09-12,立岩 一真,6397.353031702062,3602.6469682979377,2025-09-12
2025-09-12,辻 悠希,3343.1952662721897,6656.80473372781,2025-09-12
2025-09-12,鄭,4917.534722222223,5082.465277777777,2025-09-12
2025-09-12,青木 大輔,2649.687974363299,7350.312025636701,2025-09-12
2025-09-12,高橋,8629.981332684036,1370.0186673159642,2025-09-12
2025-09-13,伊藤 秀臣,1904.6251077276643,8095.374892272335,2025-09-13
2025-09-14,青木 大輔,6075.3462603878115,3924.6537396121885,2025-09-14
2025-09-15,櫻井,6613.852421910365,3386.1475780896353,2025-09-15
2025-09-15,青木 大輔,3996.199218329807,6003.800781670193,2025-09-15
2025-09-16,伊藤 秀臣,1424.0035693039858,8575.996430696014,2025-09-16
2025-09-16,壁谷,2016.460905349794,7983.539094650206,2025-09-16
2025-09-16,村澤,3552.0371913512563,6447.962808648744,2025-09-16
2025-09-16,東,1325.0,8675.0,2025-09-16
2025-09-16,松崎,2682.2773905552513,7317.722609444749,2025-09-16
2025-09-16,梅原 良之,1779.3964620187305,8220.60353798127,2025-09-16
2025-09-16,櫻井,1704.1015625,8295.8984375,2025-09-16
2025-09-16,渡辺,1869.9432892249527,8130.056710775048,2025-09-16
2025-09-16,溝下 真治,2565.1577503429353,7434.842249657065,2025-09-16
2025-09-16,石野 貴弘,4052.9336734693875,5947.066326530612,2025-09-16
2025-09-16,福嶋,7019.082794706065,2980.917205293935,2025-09-16
2025-09-16,立岩 一真,3464.6045918367354,6535.395408163265,2025-09-16
2025-09-16,荻田,1750.9451795841212,8249.054820415879,2025-09-16
2025-09-16,辻 悠希,1724.5026108797674,8275.497389120232,2025-09-16
2025-09-16,鄭,2210.1664684898933,7789.833531510107,2025-09-16
2025-09-16,青木 大輔,2821.8220908357966,7178.177909164204,2025-09-16
2025-09-16,高橋,6204.871172370585,3795.1288276294154,2025-09-16
2025-09-17,伊藤 秀臣,2192.3828125,7807.6171875,2025-09-17
2025-09-17,壁谷,2076.03305785124,7923.96694214876,2025-09-17
2025-09-17,村澤,2679.4679364422127,7320.532063557787,2025-09-17
2025-09-17,東,1666.6666666666665,8333.333333333334,2025-09-17
2025-09-17,松崎,5160.15349674994,4839.84650325006,2025-09-17
2025-09-17,梅原 良之,2318.8052917782647,7681.194708221736,2025-09-17
2025-09-17,櫻井,4720.570749108205,5279.429250891795,2025-09-17
2025-09-17,渡辺,5208.085612366231,4791.914387633769,2025-09-17
2025-09-17,溝下 真治,2551.7751479289936,7448.224852071006,2025-09-17
2025-09-17,石野 貴弘,8070.487718049128,1929.5122819508724,2025-09-17
2025-09-17,福嶋,8328.764977680317,1671.2350223196827,2025-09-17
2025-09-17,立岩 一真,2559.4530321046377,7440.546967895362,2025-09-17
2025-09-17,荻田,3823.5434007134363,6176.456599286564,2025-09-17
2025-09-17,辻 悠希,2671.0291493158834,7328.970850684116,2025-09-17
2025-09-17,青木 大輔,3344.9074074074074,6655.092592592593,2025-09-17
2025-09-17,高橋,9478.42430887305,521.5756911269491,2025-09-17
2025-09-18,f0f8f2cad80b,8437.499999999998,1562.5000000000018,2025-09-18
2025-09-18,伊藤 秀臣,1696.5345695064727,8303.465430493527,2025-09-18
2025-09-18,壁谷,2995.001922337563,7004.998077662437,2025-09-18
2025-09-18,山本,3088.6426592797784,6911.357340720222,2025-09-18
2025-09-18,村澤,2387.5432525951555,7612.4567474048445,2025-09-18
2025-09-18,東,1493.3837429111531,8506.616257088846,2025-09-18
2025-09-18,松崎,3365.181298457201,6634.818701542799,2025-09-18
2025-09-18,梅原 良之,1362.6118434533162,8637.388156546684,2025-09-18
2025-09-18,櫻井,5068.338203412197,4931.661796587803,2025-09-18
2025-09-18,渡辺,2226.843100189036,7773.156899810964,2025-09-18
2025-09-18,溝下 真治,2416.888888888889,7583.111111111111,2025-09-18
2025-09-18,石野 貴弘,7506.695885074263,2493.304114925737,2025-09-18
2025-09-18,福嶋,9147.42997845491,852.5700215450906,2025-09-18
2025-09-18,立岩 一真,2235.9396433470506,7764.06035665295,2025-09-18
2025-09-18,荻田,3079.387682449271,6920.612317550729,2025-09-18
2025-09-18,青木 大輔,1800.594740886765,8199.405259113235,2025-09-18
2025-09-18,高橋,8986.608191714307,1013.3918082856926,2025-09-18
2025-09-19,f0f8f2cad80b,10000.0,0.0,2025-09-19
2025-09-19,伊藤 秀臣,1827.465325407712,8172.534674592288,2025-09-19
2025-09-19,山本,6403.0915576694415,3596.9084423305585,2025-09-19
2025-09-19,村澤,1872.3546446870128,8127.645355312987,2025-09-19
2025-09-19,東,10000.0,0.0,2025-09-19
2025-09-19,梅原 良之,2064.1333165004417,7935.866683499558,2025-09-19
2025-09-19,櫻井,5029.585798816567,4970.414201183433,2025-09-19
2025-09-19,渡辺,1854.820415879017,8145.179584120983,2025-09-19
2025-09-19,溝下 真治,1530.1806997308727,8469.819300269128,2025-09-19
2025-09-19,石野 貴弘,3525.191326530612,6474.808673469388,2025-09-19
2025-09-19,福嶋,8377.315689981097,1622.6843100189035,2025-09-19
2025-09-19,立岩 一真,3094.54394002499,6905.456059975009,2025-09-19
2025-09-19,鄭,4223.240316534778,5776.759683465222,2025-09-19
2025-09-19,高橋,9303.252551020409,696.7474489795914,2025-09-19
2025-09-21,櫻井,2015.3061224489795,7984.693877551021,2025-09-21
2025-09-21,青木 大輔,8797.65625,1202.34375,2025-09-21
2025-09-22,三宅,3822.996831145314,6177.003168854686,2025-09-22
2025-09-22,三橋,4770.146024878313,5229.853975121687,2025-09-22
2025-09-22,伊礼,5058.1717451523555,4941.8282548476445,2025-09-22
2025-09-22,伊藤 秀臣,2620.511803213648,7379.488196786352,2025-09-22
2025-09-22,廣瀬,2304.6875,7695.3125,2025-09-22
2025-09-22,松崎,8480.695434254834,1519.3045657451657,2025-09-22
2025-09-22,柳原 茂,4050.000000000001,5949.999999999999,2025-09-22
2025-09-22,梅原 良之,2705.515088449532,7294.484911550468,2025-09-22
2025-09-22,櫻井,6028.9283366206455,3971.0716633793545,2025-09-22
2025-09-22,江,2587.6543209876545,7412.3456790123455,2025-09-22
2025-09-22,渡辺,2920.9829867674857,7079.017013232515,2025-09-22
2025-09-22,石野 智明,4112.845627997143,5887.154372002857,2025-09-22
2025-09-22,立岩 一真,1714.0495867768593,8285.950413223141,2025-09-22
2025-09-22,辻 悠希,2961.2661391087045,7038.733860891296,2025-09-22
2025-09-22,遠山,2507.088846880907,7492.911153119093,2025-09-22
2025-09-22,金城 美穂子,3728.0328798185947,6271.967120181405,2025-09-22
2025-09-22,青木 大輔,2187.9506489344653,7812.049351065534,2025-09-22
2025-09-22,高橋,7106.186224489796,2893.8137755102043,2025-09-22
2025-09-23,三橋,9862.075617283952,137.92438271604806,2025-09-23
2025-09-23,柳原 茂,9615.532487504805,384.4675124951955,2025-09-23
2025-09-23,金城 美穂子,7552.324459876543,2447.675540123457,2025-09-23
2025-09-23,青木 大輔,8730.9609999317,1269.0390000683,2025-09-23
2025-09-24,f0f8f2cad80b,9801.5,198.5,2025-09-24
2025-09-24,三宅,6040.063869937583,3959.936130062417,2025-09-24
2025-09-24,三橋,4458.161865569273,5541.838134430727,2025-09-24
2025-09-24,伊礼,3107.702296891486,6892.297703108514,2025-09-24
2025-09-24,伊藤 秀臣,3359.2260433585197,6640.77395664148,2025-09-24
2025-09-24,壁谷,2126.200274348422,7873.799725651577,2025-09-24
2025-09-24,山本,3396.3214915595863,6603.678508440414,2025-09-24
2025-09-24,廣瀬,2903.970452446906,7096.029547553094,2025-09-24
2025-09-24,村澤,2766.4464234415395,7233.553576558461,2025-09-24
2025-09-24,松崎,5879.9048751486325,4120.0951248513675,2025-09-24
2025-09-24,柳原 茂,2927.8106508875744,7072.189349112426,2025-09-24
2025-09-24,梅原 良之,2341.3111342351717,7658.688865764829,2025-09-24
2025-09-24,櫻井,4453.372291210128,5546.627708789872,2025-09-24
2025-09-24,江,3117.882425361651,6882.117574638349,2025-09-24
2025-09-24,溝下 真治,2431.3599999999997,7568.64,2025-09-24
2025-09-24,石野 貴弘,3039.5260124989854,6960.473987501015,2025-09-24
2025-09-24,福嶋,9313.634964604493,686.3650353955072,2025-09-24
2025-09-24,立岩 一真,6457.9143924159725,3542.0856075840275,2025-09-24
2025-09-24,荻田,3555.484693877551,6444.515306122449,2025-09-24
2025-09-24,辻 悠希,3600.0,6400.0,2025-09-24
2025-09-24,遠山,3827.2378416477413,6172.762158352259,2025-09-24
2025-09-24,鄭,3600.0,6400.0,2025-09-24
2025-09-24,金城 美穂子,4779.50835053481,5220.49164946519,2025-09-24
2025-09-24,青木 大輔,1832.5802615933414,8167.419738406658,2025-09-24
2025-09-24,高橋,8636.798469387757,1363.201530612243,2025-09-24
2025-09-25,f0f8f2cad80b,10000.0,0.0,2025-09-25
2025-09-25,三宅,2745.5357142857147,7254.464285714285,2025-09-25
2025-09-25,伊礼,1380.5697589481372,8619.430241051863,2025-09-25
2025-09-25,伊藤 秀臣,5769.230769230769,4230.769230769231,2025-09-25
2025-09-25,壁谷,2147.7400265279057,7852.259973472094,2025-09-25
2025-09-25,山本,4194.032651529367,5805.967348470633,2025-09-25
2025-09-25,廣瀬,3510.841836734694,6489.158163265306,2025-09-25
2025-09-25,村澤,2712.0000000000005,7288.0,2025-09-25
2025-09-25,東,2702.6344583789246,7297.365541621075,2025-09-25
2025-09-25,松崎,8292.181069958848,1707.8189300411523,2025-09-25
2025-09-25,柳原 茂,1504.0939836240655,8495.906016375935,2025-09-25
2025-09-25,梅原 良之,3206.2955254942763,6793.704474505724,2025-09-25
2025-09-25,櫻井,3396.1787728305703,6603.82122716943,2025-09-25
2025-09-25,江,3644.198214835334,6355.8017851646655,2025-09-25
2025-09-25,渡辺,7734.593572778829,2265.406427221171,2025-09-25
2025-09-25,渥美,2591.383219954648,7408.616780045351,2025-09-25
2025-09-25,溝下 真治,3003.0612244897957,6996.938775510204,2025-09-25
2025-09-25,石野 貴弘,3374.093807319416,6625.906192680584,2025-09-25
2025-09-25,福嶋,4010.494165557209,5989.505834442791,2025-09-25
2025-09-25,立岩 一真,6748.582230623819,3251.4177693761812,2025-09-25
2025-09-25,荻田,1998.0772312129468,8001.922768787053,2025-09-25
2025-09-25,辻 悠希,3869.667013527576,6130.332986472424,2025-09-25
2025-09-25,遠山,5136.659096248727,4863.340903751273,2025-09-25
2025-09-25,鄭,3372.611733019106,6627.388266980894,2025-09-25
2025-09-25,金城 美穂子,2338.8671875,7661.1328125,2025-09-25
2025-09-25,青木 大輔,2823.6914600550963,7176.308539944904,2025-09-25
2025-09-25,高橋,4679.338842975207,5320.661157024793,2025-09-25
2025-09-26,f0f8f2cad80b,10000.0,0.0,2025-09-26
2025-09-26,伊礼,2653.0612244897957,7346.938775510204,2025-09-26
2025-09-26,伊藤 秀臣,1666.6666666666665,8333.333333333334,2025-09-26
2025-09-26,廣瀬,2500.0,7500.0,2025-09-26
2025-09-26,村澤,3333.333333333333,6666.666666666667,2025-09-26
2025-09-26,東,2222.2222222222217,7777.777777777778,2025-09-26
2025-09-26,松崎,3333.333333333333,6666.666666666667,2025-09-26
2025-09-26,梅原 良之,1805.5555555555552,8194.444444444445,2025-09-26
2025-09-26,櫻井,2892.5619834710747,7107.438016528926,2025-09-26
2025-09-26,江,2800.0,7200.0,2025-09-26
2025-09-26,渡辺,10000.0,0.0,2025-09-26
2025-09-26,渥美,3750.0,6250.0,2025-09-26
2025-09-26,溝下 真治,5000.0,5000.0,2025-09-26
2025-09-26,石野 智明,7812.5,2187.5,2025-09-26
2025-09-26,石野 貴弘,3750.0,6250.0,2025-09-26
2025-09-26,福嶋,6800.0,3200.0,2025-09-26
2025-09-26,立岩 一真,4400.0,5600.0,2025-09-26
2025-09-26,荻田,3580.2469135802467,6419.753086419753,2025-09-26
2025-09-26,辻 悠希,5918.367346938776,4081.632653061224,2025-09-26
2025-09-26,遠山,10000.0,0.0,2025-09-26
2025-09-26,鄭,6250.0,3750.0,2025-09-26
2025-09-26,金城 美穂子,4289.753982467716,5710.246017532284,2025-09-26
2025-09-26,青木 大輔,7551.020408163265,2448.9795918367354,2025-09-26
2025-09-26,高橋,3750.0,6250.0,2025-09-26
